Entity / workflow,Screen coverage,CREATE UI,UPDATE UI,DELETE UI,Readiness,V0.3 acceptance requirement
Food / meal logs,Both,Add/log meal; search/camera; save,Diary edit buttons; ingredient corrections,"Diary delete buttons, confirmation in health template",Partial,Wire forms to saved records and recompute macros; confirm persistence after reload
Water intake,Desktop full; mobile partial,Quick add and custom amount,Desktop timeline edit; template,Desktop timeline delete; template,Mobile gap,Add mobile history-item Edit/Delete + confirmation; do not subtract from daily goal incorrectly
Nutrition goals,Both,Onboarding baseline setup,Edit/save on Goals both,Not normally applicable,Present,"Validate zero/negative limits, units and metric ranges"
Financial accounts,Both; template,Add account forms,Edit balance UI; template full Edit,Delete only in money action template,Mobile/desktop main-page gap,Prefer close/archive account with posted transactions; protect balance invariants
Transactions,Desktop full; mobile partial,Desktop Save; mobile Add,Desktop row Edit; mobile Edit Record sheet,Desktop row Delete + confirmation; mobile absent,Mobile gap,"Add mobile delete and confirmation; transfer must remain balanced, protect CC payment lifecycle"
Bills & subscriptions,Both; template,Add bill / subscription,No explicit edit form in main screens or action template,Delete confirmation in money template only,Main-page/mobile gap,"Add edit, pause/resume, deletion/archive, paid/undo controls and occurrence detail"
Loans / EMIs,Both; template,Add liability; log payment,No explicit edit liability/payment form (Add + Log only),Delete in money template only,Main-page/mobile gap,"Add edit/archive, payment correction and undo; never silently delete financial history"
Friends & family,Both; template,Add peer entry / record settlement,Desktop edit control; mobile no edit,Delete settlement in money template only,Mobile gap,Add settlement edit/void/undo; reconcile balances
Wishlist,Both; template,Add planned purchase,No explicit edit action even in reference template,Delete planned item in money template only,Main-page/mobile gap,Add edit/delete on cards; purchase must create only approved financial transaction
Reminders,Both; template,Add reminder,Health template Add/Edit; main screens switches,Delete reminder in health template only,Main-page/mobile gap,Add edit/delete actions and schedule validation; keep Telegram status truthful
User profile,Both; template,Register / profile setup,Desktop profile form; mobile inline settings,Account delete only admin template; not user profile,Mobile gap,Add mobile Edit Profile/Save and consistent preferences
Admin users,Both; template,Desktop provision user,Desktop role edit; mobile role edit,Revoke/delete in profile/admin template,Mobile/permission gap,Explicit RBAC checks on server; destructive admin actions require guarded confirmation