group,canonical_screen,platform,source_folder,export_folder,html,screenshot,inline_handlers,placeholder_nav_links,has_network_fetch,html_title
01_Core_Auth_Dashboard,welcome_landing,desktop_1440px,welcome_landing_desktop_1440px,01_Core_Auth_Dashboard/01_welcome_landing__desktop_1440px,YES,OK,0,1,NO,NutriSnap — UI/UX V0.1 | Health & Wealth OS
01_Core_Auth_Dashboard,welcome_landing,mobile_390px,welcome_landing_mobile_390px,01_Core_Auth_Dashboard/01_welcome_landing__mobile_390px,YES,OK,0,0,NO,NutriSnap — Precision Nutrition & Daily Wealth
01_Core_Auth_Dashboard,login,desktop_1440px,login_desktop_1440px,01_Core_Auth_Dashboard/02_login__desktop_1440px,YES,OK,1,0,NO,Log In — NutriSnap
01_Core_Auth_Dashboard,registration,desktop_1440px,registration_desktop_1440px,01_Core_Auth_Dashboard/03_registration__desktop_1440px,YES,OK,2,0,NO,NutriSnap — Create your account
01_Core_Auth_Dashboard,registration,mobile_390px,registration_mobile_390px,01_Core_Auth_Dashboard/03_registration__mobile_390px,YES,OK,1,0,NO,NutriSnap — UI/UX V0.1 | Register
01_Core_Auth_Dashboard,onboarding_goal_setup,desktop_1440px,onboarding_goal_setup_desktop_1440px,01_Core_Auth_Dashboard/04_onboarding_goal_setup__desktop_1440px,YES,MAJOR_BLANK_PREVIEW,0,0,NO,NutriSnap — Onboarding & Goal Setup
01_Core_Auth_Dashboard,onboarding_goal_setup,mobile_390px,onboarding_goal_setup_mobile_390px,01_Core_Auth_Dashboard/04_onboarding_goal_setup__mobile_390px,YES,OK,0,0,NO,NutriSnap - Onboarding & Goal Setup
01_Core_Auth_Dashboard,today_overview,desktop_1440px,today_overview_desktop_1440px,01_Core_Auth_Dashboard/05_today_overview__desktop_1440px,YES,BLANK_DASHBOARD_WIDGETS,0,12,NO,NutriSnap - Today Overview
01_Core_Auth_Dashboard,today_overview,mobile_390px,today_overview_mobile_390px,01_Core_Auth_Dashboard/05_today_overview__mobile_390px,YES,OK,0,6,NO,NutriSnap - Today
02_Health_Nutrition,food_diary,desktop_1440px,food_diary_dashboard_desktop_1440px,02_Health_Nutrition/01_food_diary__desktop_1440px,YES,OK,0,15,NO,NutriSnap - Food Diary & Nutrition Intelligence
02_Health_Nutrition,food_diary,mobile_390px,food_diary_mobile_390px,02_Health_Nutrition/01_food_diary__mobile_390px,YES,OK,0,0,NO,NutriSnap — Food Diary
02_Health_Nutrition,add_food_search_food,desktop_1440px,add_food_search_food_desktop_1440px,02_Health_Nutrition/02_add_food_search_food__desktop_1440px,YES,OK,0,15,NO,NutriSnap - Add Food & Ingredients
02_Health_Nutrition,add_food_search_food,mobile_390px,add_food_search_food_mobile_390px,02_Health_Nutrition/02_add_food_search_food__mobile_390px,YES,OK,0,0,NO,NutriSnap — Add Food
02_Health_Nutrition,log_meal_camera_upload,desktop_1440px,log_meal_camera_upload_desktop_1440px,02_Health_Nutrition/03_log_meal_camera_upload__desktop_1440px,YES,OK,0,11,NO,Log Meal Camera & Upload — NutriSnap
02_Health_Nutrition,log_meal_camera_upload,mobile_390px,log_meal_camera_upload_mobile_390px,02_Health_Nutrition/03_log_meal_camera_upload__mobile_390px,YES,OK,0,0,NO,NutriSnap — Log Meal
02_Health_Nutrition,ai_meal_analysis,desktop_1440px,ai_analysis_desktop_1440px,02_Health_Nutrition/04_ai_meal_analysis__desktop_1440px,YES,OK,0,7,NO,NutriSnap — AI Meal Analysis & Review
02_Health_Nutrition,ai_meal_analysis,mobile_390px,ai_meal_analysis_intake_mobile_390px,02_Health_Nutrition/04_ai_meal_analysis__mobile_390px,YES,OK,0,0,NO,NutriSnap - AI Meal Analysis & Log Meal
02_Health_Nutrition,meal_confirmation_editing,desktop_1440px,meal_confirmation_editing_desktop_1440px,02_Health_Nutrition/05_meal_confirmation_editing__desktop_1440px,YES,OK,0,9,NO,Confirm & Edit Meal — NutriSnap
02_Health_Nutrition,meal_confirmation_editing,mobile_390px,meal_confirmation_editing_mobile_390px,02_Health_Nutrition/05_meal_confirmation_editing__mobile_390px,YES,BLANK_PREVIEW,8,0,NO,Confirm Meal — NutriSnap
02_Health_Nutrition,meal_saved_success,desktop_1440px,meal_saved_success_desktop_1440px,02_Health_Nutrition/06_meal_saved_success__desktop_1440px,YES,OK,0,11,NO,Meal Saved Success — NutriSnap
02_Health_Nutrition,meal_saved_success,mobile_390px,meal_saved_success_mobile_390px,02_Health_Nutrition/06_meal_saved_success__mobile_390px,YES,OK,0,0,NO,NutriSnap — Meal Saved
02_Health_Nutrition,nutrition_insights,desktop_1440px,nutrition_insights_desktop_1440px,02_Health_Nutrition/07_nutrition_insights__desktop_1440px,YES,OK,0,7,NO,Nutrition Insights — NutriSnap
02_Health_Nutrition,nutrition_insights,mobile_390px,nutrition_insights_mobile_390px,02_Health_Nutrition/07_nutrition_insights__mobile_390px,YES,OK,0,0,NO,Nutrition Insights — NutriSnap
02_Health_Nutrition,water_tracker,desktop_1440px,water_tracker_desktop_1440px,02_Health_Nutrition/08_water_tracker__desktop_1440px,YES,OK,0,7,NO,NutriSnap - Water Tracker
02_Health_Nutrition,water_tracker,mobile_390px,water_tracker_mobile_390px,02_Health_Nutrition/08_water_tracker__mobile_390px,YES,OK,0,5,NO,Water Tracker — NutriSnap
02_Health_Nutrition,history,desktop_1440px,history_desktop_1440px,02_Health_Nutrition/09_history__desktop_1440px,YES,OK,0,7,NO,NutriSnap - History (Desktop 1440px)
02_Health_Nutrition,history,mobile_390px,history_mobile_390px,02_Health_Nutrition/09_history__mobile_390px,YES,OK,0,0,NO,NutriSnap - History
02_Health_Nutrition,progress_goals,desktop_1440px,progress_goals_desktop_1440px,02_Health_Nutrition/10_progress_goals__desktop_1440px,YES,OK,8,0,NO,Progress & Goals — NutriSnap
02_Health_Nutrition,progress_goals,mobile_390px,progress_goals_mobile_390px,02_Health_Nutrition/10_progress_goals__mobile_390px,YES,OK,0,5,NO,Progress & Goals — NutriSnap
03_Finance_Life_Hub,money_overview,desktop_1440px,money_overview_desktop_1440px,03_Finance_Life_Hub/01_money_overview__desktop_1440px,YES,OK,0,15,NO,NutriSnap - Money Overview
03_Finance_Life_Hub,money_overview,mobile_390px,money_overview_mobile_390px,03_Finance_Life_Hub/01_money_overview__mobile_390px,YES,OK,0,0,NO,NutriSnap - Money Overview
03_Finance_Life_Hub,accounts,desktop_1440px,accounts_desktop_1440px,03_Finance_Life_Hub/02_accounts__desktop_1440px,YES,OK,16,10,NO,NutriSnap - Accounts & Wallets
03_Finance_Life_Hub,accounts,mobile_390px,accounts_mobile_390px,03_Finance_Life_Hub/02_accounts__mobile_390px,YES,OK,17,5,NO,Accounts & Wallets - NutriSnap
03_Finance_Life_Hub,transactions,desktop_1440px,transactions_desktop_1440px,03_Finance_Life_Hub/03_transactions__desktop_1440px,YES,OK,0,6,NO,NutriSnap - Transactions Ledger
03_Finance_Life_Hub,transactions,mobile_390px,transactions_mobile_390px,03_Finance_Life_Hub/03_transactions__mobile_390px,YES,OK,8,5,NO,NutriSnap - Transactions
03_Finance_Life_Hub,bills_subscriptions,desktop_1440px,bills_subscriptions_desktop_1440px,03_Finance_Life_Hub/04_bills_subscriptions__desktop_1440px,YES,MISSING_SCREENSHOT,3,9,NO,NutriSnap - Bills & Subscriptions
03_Finance_Life_Hub,bills_subscriptions,mobile_390px,bills_subscriptions_mobile_390px,03_Finance_Life_Hub/04_bills_subscriptions__mobile_390px,YES,OK,0,5,NO,NutriSnap - Bills & Subscriptions
03_Finance_Life_Hub,loans_emi,desktop_1440px,loans_emi_desktop_1440px,03_Finance_Life_Hub/05_loans_emi__desktop_1440px,YES,OK,10,10,NO,NutriSnap - Loans & Liabilities
03_Finance_Life_Hub,loans_emi,mobile_390px,loans_emi_mobile_390px,03_Finance_Life_Hub/05_loans_emi__mobile_390px,YES,OK,0,5,NO,Loans & Liabilities - NutriSnap
03_Finance_Life_Hub,friends_family,desktop_1440px,friends_family_desktop_1440px,03_Finance_Life_Hub/06_friends_family__desktop_1440px,YES,OK,13,10,NO,NutriSnap - Friends & Family Ledger
03_Finance_Life_Hub,friends_family,mobile_390px,friends_family_mobile_390px,03_Finance_Life_Hub/06_friends_family__mobile_390px,YES,OK,0,12,NO,Friends & Family Ledger - NutriSnap
03_Finance_Life_Hub,wishlist_planned_purchases,desktop_1440px,wishlist_planned_purchases_desktop_1440px,03_Finance_Life_Hub/07_wishlist_planned_purchases__desktop_1440px,YES,OK,11,10,NO,NutriSnap - Wishlist & Planned Purchases
03_Finance_Life_Hub,wishlist_planned_purchases,mobile_390px,wishlist_planned_purchases_mobile_390px,03_Finance_Life_Hub/07_wishlist_planned_purchases__mobile_390px,YES,OK,0,0,NO,Wishlist & Planned Purchases - NutriSnap
04_Reminders_Settings_Admin,notifications_reminders,desktop_1440px,notifications_reminders_desktop_1440px,04_Reminders_Settings_Admin/01_notifications_reminders__desktop_1440px,YES,OK,5,7,NO,Notifications & Reminders — NutriSnap
04_Reminders_Settings_Admin,notifications_reminders,mobile_390px,notifications_reminders_mobile_390px,04_Reminders_Settings_Admin/01_notifications_reminders__mobile_390px,YES,OK,0,5,NO,Notifications & Reminders — NutriSnap
04_Reminders_Settings_Admin,profile_settings,desktop_1440px,profile_settings_desktop_1440px,04_Reminders_Settings_Admin/02_profile_settings__desktop_1440px,YES,OK,0,11,NO,Settings & Preferences — NutriSnap
04_Reminders_Settings_Admin,profile_settings,mobile_390px,profile_settings_mobile_390px,04_Reminders_Settings_Admin/02_profile_settings__mobile_390px,YES,OK,3,6,NO,Profile & Settings — NutriSnap
04_Reminders_Settings_Admin,admin_portal,desktop_1440px,admin_portal_desktop_1440px,04_Reminders_Settings_Admin/03_admin_portal__desktop_1440px,YES,OK,27,7,NO,Admin Portal - NutriSnap OS
04_Reminders_Settings_Admin,admin_portal,mobile_390px,admin_portal_mobile_390px,04_Reminders_Settings_Admin/03_admin_portal__mobile_390px,YES,OK,0,0,NO,NutriSnap OS - Admin Portal
90_Reference_Only_Not_Routes,crud_templates_form_action_states,desktop_1440px,crud_templates_form_action_states_desktop_1440px,90_Reference_Only_Not_Routes/01_crud_templates_form_action_states__desktop_1440px,YES,OK,2,0,NO,NutriSnap - CRUD Templates & Form Action States
90_Reference_Only_Not_Routes,health_action_templates,desktop_1440px,health_action_templates_desktop_1440px,90_Reference_Only_Not_Routes/02_health_action_templates__desktop_1440px,YES,OK,6,0,NO,Health Action Templates — Desktop (1440px)
90_Reference_Only_Not_Routes,money_action_templates,desktop_1440px,money_action_templates_desktop_1440px,90_Reference_Only_Not_Routes/03_money_action_templates__desktop_1440px,YES,OK,6,12,NO,Money Action Templates — Desktop (1440px)
90_Reference_Only_Not_Routes,profile_admin_action_templates,desktop_1440px,profile_admin_action_templates_desktop_1440px,90_Reference_Only_Not_Routes/04_profile_admin_action_templates__desktop_1440px,YES,OK,3,0,NO,Profile & Admin Action Templates — Desktop (1440px)
90_Reference_Only_Not_Routes,edge_states_action_matrix,desktop_1440px,edge_states_action_matrix_desktop_1440px,90_Reference_Only_Not_Routes/05_edge_states_action_matrix__desktop_1440px,YES,OK,0,0,NO,Edge States & Action Matrix — Desktop (1440px)
90_Reference_Only_Not_Routes,state_specimens,desktop_1440px,state_specimens_desktop_1440px,90_Reference_Only_Not_Routes/06_state_specimens__desktop_1440px,YES,OK,0,0,NO,NutriSnap — UI/UX V0.1 State Specimens